{
  "LEV3NASDAQ": {
    "config37": {
      "cagr": 0.2002366231330761,
      "mdd": 0.626082232549402
    },
    "config40": {
      "cagr": 0.2031732736315126,
      "mdd": 0.5998452842017747
    },
    "config48": {
      "cagr": 0.21371326678352776,
      "mdd": 0.6554247114886251
    },
    "config49": {
      "cagr": 0.22111219817284966,
      "mdd": 0.6554247114886251
    },
    "config50": {
      "cagr": 0.2250893272004355,
      "mdd": 0.6554247114886251
    }
  },
  "LEV3SOX": {
    "config37": {
      "cagr": 0.41517618411459756,
      "mdd": 0.6663769047210506
    },
    "config40": {
      "cagr": 0.3711894254851711,
      "mdd": 0.6593043780059895
    },
    "config48": {
      "cagr": 0.4081102161361143,
      "mdd": 0.635912107613319
    },
    "config49": {
      "cagr": 0.40617857873797547,
      "mdd": 0.6402042923324416
    },
    "config50": {
      "cagr": 0.40403940680214956,
      "mdd": 0.6372908173160385
    }
  },
  "LEV3GOLD": {
    "config37": {
      "cagr": 0.14973993097715788,
      "mdd": 0.9122582597724735
    },
    "config40": {
      "cagr": 0.14067338684782515,
      "mdd": 0.901957655821507
    },
    "config48": {
      "cagr": 0.14273189961721533,
      "mdd": 0.8577856983671013
    },
    "config49": {
      "cagr": 0.14698898594386134,
      "mdd": 0.8825808045587361
    },
    "config50": {
      "cagr": 0.14633333741881094,
      "mdd": 0.8479123414501333
    }
  },
  "FAS": {
    "config37": {
      "cagr": 0.26412142932724203,
      "mdd": 0.649198960608983
    },
    "config40": {
      "cagr": 0.25504634548352434,
      "mdd": 0.6342625222571379
    },
    "config48": {
      "cagr": 0.2618147860914688,
      "mdd": 0.624244345911412
    },
    "config49": {
      "cagr": 0.27752395931745966,
      "mdd": 0.6226025105865323
    },
    "config50": {
      "cagr": 0.26712497354399156,
      "mdd": 0.6237181371681126
    }
  },
  "NAIL": {
    "config37": {
      "cagr": 0.0607113943086548,
      "mdd": 0.7936336523472898
    },
    "config40": {
      "cagr": 0.06849520785504803,
      "mdd": 0.7871889579301726
    },
    "config48": {
      "cagr": 0.04266172985418559,
      "mdd": 0.8206484878625592
    },
    "config49": {
      "cagr": 0.044424805941893686,
      "mdd": 0.8209502287676238
    },
    "config50": {
      "cagr": 0.0465914437833439,
      "mdd": 0.8207328586486444
    }
  },
  "CURE": {
    "config37": {
      "cagr": 0.12292798696191776,
      "mdd": 0.6567135168723393
    },
    "config40": {
      "cagr": 0.11832616920147387,
      "mdd": 0.6608408769154699
    },
    "config48": {
      "cagr": 0.13266284601571976,
      "mdd": 0.6404411621867696
    },
    "config49": {
      "cagr": 0.13456159729013106,
      "mdd": 0.6408167872773609
    },
    "config50": {
      "cagr": 0.13250614751186052,
      "mdd": 0.6406532881054864
    }
  },
  "USD": {
    "config37": {
      "cagr": 0.28224944832877585,
      "mdd": 0.49952434362598086
    },
    "config40": {
      "cagr": 0.26815619093452625,
      "mdd": 0.5191163681390418
    },
    "config48": {
      "cagr": 0.3017562816750772,
      "mdd": 0.5262809647940282
    },
    "config49": {
      "cagr": 0.3024508765686331,
      "mdd": 0.5435580286258426
    },
    "config50": {
      "cagr": 0.3034975475157635,
      "mdd": 0.5323651529090629
    }
  },
  "QLD": {
    "config37": {
      "cagr": 0.1808525757267856,
      "mdd": 0.593261431618527
    },
    "config40": {
      "cagr": 0.17900950201582044,
      "mdd": 0.5594876621731728
    },
    "config48": {
      "cagr": 0.16708261363200005,
      "mdd": 0.6157728149745543
    },
    "config49": {
      "cagr": 0.16439018274957573,
      "mdd": 0.6325359872947592
    },
    "config50": {
      "cagr": 0.16723282625054736,
      "mdd": 0.6207360450466065
    }
  },
  "SHNY": {
    "config37": {
      "cagr": 0.5721474088634215,
      "mdd": 0.465216021925445
    },
    "config40": {
      "cagr": 0.5167111332124397,
      "mdd": 0.47584132588891115
    },
    "config48": {
      "cagr": 0.4795552949863684,
      "mdd": 0.4784828718578945
    },
    "config49": {
      "cagr": 0.4903677311917971,
      "mdd": 0.4747993228877676
    },
    "config50": {
      "cagr": 0.48306725427344754,
      "mdd": 0.47730000887600843
    }
  },
  "SSO": {
    "config37": {
      "cagr": 0.1304523580938588,
      "mdd": 0.4798889039136902
    },
    "config40": {
      "cagr": 0.13862982741340946,
      "mdd": 0.388843334104476
    },
    "config48": {
      "cagr": 0.14151706965192945,
      "mdd": 0.36680250755598065
    },
    "config49": {
      "cagr": 0.1467949623634872,
      "mdd": 0.36789684935934797
    },
    "config50": {
      "cagr": 0.1421580504127311,
      "mdd": 0.3671509724638946
    }
  },
  "LEV3SPY": {
    "config37": {
      "cagr": 0.22783936971199692,
      "mdd": 0.5514082166106389
    },
    "config40": {
      "cagr": 0.22331422140920276,
      "mdd": 0.5440237235466902
    },
    "config48": {
      "cagr": 0.24037561200747848,
      "mdd": 0.5756768568754174
    },
    "config49": {
      "cagr": 0.24305750428065243,
      "mdd": 0.5754735039776603
    },
    "config50": {
      "cagr": 0.24266494780931303,
      "mdd": 0.5755942566227175
    }
  },
  "TQQQ": {
    "config37": {
      "cagr": 0.347000618209498,
      "mdd": 0.5225125625267366
    },
    "config40": {
      "cagr": 0.37567491667730035,
      "mdd": 0.5189894361499361
    },
    "config48": {
      "cagr": 0.34307300500753257,
      "mdd": 0.5661419400891551
    },
    "config49": {
      "cagr": 0.34578745179311987,
      "mdd": 0.5769591529209593
    },
    "config50": {
      "cagr": 0.34755857398546697,
      "mdd": 0.5695444540474277
    }
  },
  "SOXL": {
    "config37": {
      "cagr": 0.4334344224876834,
      "mdd": 0.6129246260273977
    },
    "config40": {
      "cagr": 0.4359002626437627,
      "mdd": 0.6074517351773138
    },
    "config48": {
      "cagr": 0.3552725672414634,
      "mdd": 0.6104420870188876
    },
    "config49": {
      "cagr": 0.3630640076725964,
      "mdd": 0.6089079646379916
    },
    "config50": {
      "cagr": 0.35381915558488775,
      "mdd": 0.6099504282740709
    }
  },
  "UPRO": {
    "config37": {
      "cagr": 0.20703072799945854,
      "mdd": 0.47095993892166677
    },
    "config40": {
      "cagr": 0.20945270493082702,
      "mdd": 0.44708087139720976
    },
    "config48": {
      "cagr": 0.22508616966197126,
      "mdd": 0.45594769436697846
    },
    "config49": {
      "cagr": 0.2267084417266132,
      "mdd": 0.5019678041415168
    },
    "config50": {
      "cagr": 0.22158625775185592,
      "mdd": 0.5059355061376083
    }
  },
  "LEV3QQQ": {
    "config37": {
      "cagr": 0.3107169137613681,
      "mdd": 0.6409231316925664
    },
    "config40": {
      "cagr": 0.3208810020517807,
      "mdd": 0.5262642153271859
    },
    "config48": {
      "cagr": 0.2962960044292664,
      "mdd": 0.5806923454443587
    },
    "config49": {
      "cagr": 0.2995363050508568,
      "mdd": 0.5938493125903199
    },
    "config50": {
      "cagr": 0.30120880147875884,
      "mdd": 0.5850226048285366
    }
  },
  "LEV3SOXX": {
    "config37": {
      "cagr": 0.31408328875487523,
      "mdd": 0.6321960355837135
    },
    "config40": {
      "cagr": 0.2833729001572234,
      "mdd": 0.626842039569095
    },
    "config48": {
      "cagr": 0.2718787151457984,
      "mdd": 0.5816499090927196
    },
    "config49": {
      "cagr": 0.2777341146829724,
      "mdd": 0.5768640279135335
    },
    "config50": {
      "cagr": 0.281575447673432,
      "mdd": 0.5801192727932212
    }
  }
}